-8.9502,-5.5787,0
-8.8175,-4.8243,0
-6.5451,2.2691,0
-9.2373,-1.9997,0
-7.3905,-5.0216,0
-7.9766,-4.3622,0
-12.457,-2.9643,0
-7.3656,-2.1232,0
-11.711,-4.0104,0
-9.9307,-6.0413,0
-5.0471,-6.6021,0
-7.2161,-1.93,0
-11.338,-1.9828,0
-6.9126,-0.30514,0
-7.6423,-7.064,0
-9.6286,0.4492,0
-7.383,-5.3332,0
-6.5876,2.039,0
-9.4922,-5.1382,0
-7.5848,2.0749,0
-13.323,-1.1143,0
-6.3885,-3.526,0
-6.3508,-2.7853,0
-8.6988,-2.8218,0
-5.3123,0.21917,0
-9.1079,-3.7677,0
-8.1078,-0.59029,0
-6.6467,-3.1189,0
-9.635,-6.5913,0
-6.5125,-0.99052,0
-12.208,-5.8507,0
-9.3331,-4.9616,0
-9.7702,-4.5396,0
-7.5893,-4.0963,0
-9.3628,-4.588,0
-10.269,-2.2854,0
-10.748,-1.8872,0
-7.6999,0.32974,0
-8.2502,-0.87052,0
-10.928,-4.7654,0
-9.1579,-8.0449,0
-9.2414,-2.198,0
-9.6297,-8.1643,0
-10.455,-2.8344,0
-9.0609,-8.3315,0
-7.1413,-6.4665,0
-12.27,-4.7396,0
-8.1476,-3.8869,0
-4.8247,-4.4927,0
-11.29,-7.1504,0
-8.8812,-4.0529,0
-7.6468,-2.975,0
-7.2384,2.8531,0
-9.98,2.6369,0
-9.9209,-5.5623,0
-7.6009,-4.0469,0
-7.3203,-9.6689,0
-8.3486,-4.437,0
-9.6867,-7.546,0
-8.8805,-2.6121,0
-7.1575,-2.676,0
-10.307,-5.6167,0
-13.02,-2.9672,0
-5.9678,-5.1011,0
-8.7089,-8.6132,0
-10.235,-2.0956,0
-7.7774,-1.222,0
-10.21,-2.1798,0
-8.8306,-2.6404,0
-10.553,-9.1005,0
-6.6936,-0.064384,0
-9.8345,-0.19175,0
-5.8639,-7.8023,0
-8.938,-0.91065,0
-5.5321,-1.6454,0
-8.0963,-4.7456,0
-7.6799,-3.3352,0
-10.426,-0.64488,0
-10.415,-2.0188,0
-11.105,-4.8788,0
-8.4567,-4.4183,0
-8.0946,0.20383,0
-6.9185,-3.3776,0
-9.8006,-3.4417,0
-9.414,-6.3307,0
-5.5224,1.7011,0
-9.1508,-5.1123,0
-10.425,-2.3744,0
-7.7426,-3.1864,0
-4.9522,1.0228,0
-5.0676,-6.15,0
-7.8974,-6.9432,0
-5.2234,-1.6144,0
-8.4993,1.8541,0
-8.2298,1.4968,0
-6.2572,-4.4562,0
-8.6477,-10.492,0
-8.688,-3.5093,0
-5.3373,-4.0539,0
-9.4678,-4.3652,0
-8.9676,-1.1744,0
-9.1495,1.9992,0
-6.751,-3.2196,0
-8.8028,2.5436,0
-9.8033,-7.7853,0
-6.7433,-2.5408,0
-7.8711,-1.0346,0
-10.156,-2.2423,0
-13.511,-9.1061,0
-11.043,-9.5749,0
-11.659,-5.5853,0
-7.9708,-2.2977,0
-6.2507,-6.5369,0
-8.6399,-3.3721,0
-4.376,-2.8849,0
-7.7109,0.42201,0
-7.8799,-1.6172,0
-5.1814,-2.2581,0
-10.573,-0.2681,0
-10.207,-3.8696,0
-9.7068,-5.6601,0
-7.6739,-2.1757,0
-8.5745,-2.5246,0
-11.336,1.6593,0
-8.1603,-4.9807,0
-6.9871,-1.7406,0
-11.034,-4.1778,0
-8.7834,-3.7451,0
-6.8426,-3.7148,0
-8.9281,-4.4036,0
-6.8921,2.5274,0
-11.216,-1.3948,0
-7.3445,-7.2268,0
-9.9115,-7.3045,0
-10.466,-6.8044,0
-8.5706,-5.6973,0
-8.478,-4.1211,0
-5.7274,-4.192,0
-11.51,-4.6429,0
-8.7011,-5.2892,0
-9.2281,-4.391,0
-8.6104,-1.2659,0
-10.105,-4.7765,0
-10.065,-2.5713,0
-10.202,-5.3248,0
-8.166,-3.987,0
-8.0849,-8.4682,0
-10.356,0.6075,0
-12.463,-6.0665,0
-10.846,-0.66867,0
-7.9529,2.2428,0
-8.5261,-1.5875,0
-9.0258,-3.6591,0
-4.0607,-5.8228,0
-8.6105,-2.8649,0
-15.422,-6.7969,0
-6.9575,-2.9067,0
-9.9154,-3.4143,0
-8.2935,-4.5725,0
-8.0339,-3.4493,0
-9.7842,-0.31108,0
-8.6875,-0.29923,0
-8.4661,-0.64891,0
-6.641,-2.7222,0
-8.4907,-4.7388,0
-7.6084,1.4959,0
-8.1924,-7.2812,0
-9.0465,0.56471,0
-8.1607,-0.64733,0
-5.8127,-6.7878,0
-10.277,-4.1923,0
-11.26,-1.8235,0
-6.2483,-4.9744,0
-5.5967,-1.8303,0
-6.8425,-5.6026,0
-11.271,-1.4118,0
-8.2074,-5.3583,0
-8.1835,-8.4871,0
-6.8293,-0.10937,0
-7.8823,-0.98184,0
-12.067,-1.0353,0
-7.2636,-2.3469,0
-10.131,-1.6801,0
-12.737,-3.9496,0
-12.388,-3.0178,0
-9.0765,-4.1003,0
-7.6971,-9.0982,0
-6.4657,-0.27987,0
-4.9827,-1.4532,0
-11.03,-2.6345,0
-8.0714,-9.6676,0
-12.65,-0.23439,0
-9.7588,1.0983,0
-7.509,-5.0772,0
-8.0135,-5.5215,0
-11.236,-5.8204,0
-9.5343,-3.6795,0
-8.9464,-1.5137,0
-6.1505,-1.1835,0
-8.5349,-7.2018,0
-9.4826,-3.2172,0
-10.779,-4.3958,0
-7.6765,-1.552,0
-11.215,-3.0018,0
-7.617,-6.8986,0
-6.0829,-0.76711,0
-8.3198,-0.67837,0
-7.7569,-2.2298,0
-6.0504,-3.2716,0
-6.2153,-5.9671,0
-10.308,-3.6932,0
-6.9211,-0.63646,0
-9.2713,-0.29372,0
-6.6795,-1.8506,0
-5.1714,1.2089,0
-13.591,-2.8836,0
-7.502,-3.4209,0
-9.5032,-2.7926,0
-6.1022,-3.2982,0
-10.942,-1.4634,0
-6.6825,-1.6278,0
-6.3528,3.8513,0
-11.143,-3.7257,0
-7.1061,-5.2068,0
-6.514,-0.48578,0
-6.4038,-2.7781,0
-8.819,-4.4921,0
-8.9695,0.51226,0
-5.8853,0.61861,0
-9.916,-3.1979,0
-8.4733,0.50232,0
-7.2318,-4.3713,0
-8.8322,-3.8524,0
-9.3364,-4.2196,0
-5.2571,5.4786,0
-9.2881,-1.3714,0
-4.5111,-11.444,0
-7.446,-1.9081,0
-8.5918,0.84164,0
-9.8492,-5.1632,0
-11.049,1.9767,0
-10.702,-6.8358,0
-10.206,-7.3211,0
-8.8018,-4.1608,0
-10.279,-7.847,0
-9.4391,0.45182,0
-9.7109,-0.33022,0
-8.0712,-4.3362,0
-14.267,-6.6011,0
-10.132,0.39407,0
-8.5214,-0.51101,0
-8.7667,-4.1825,0
-4.8959,-5.5311,0
-8.5969,-6.986,0
-7.5343,-4.2234,0
-8.494,-1.1648,0
-9.8681,-3.2732,0
-9.6042,-5.1486,0
-8.0797,-4.631,0
-8.3891,-0.34583,0
-11.96,-3.0811,0
-7.8959,-2.0761,0
-9.4626,-3.8049,0
-4.5595,-1.5414,0
-6.9826,-4.8599,0
-6.7928,-0.22035,0
-6.6291,-1.3447,0
-8.141,-5.285,0
-11.381,-4.9317,0
-7.4503,-2.6895,0
-8.2503,-0.55136,0
-7.5966,-6.4895,0
-8.4884,-8.1256,0
-7.2473,-2.9931,0
-6.4021,-4.6842,0
-7.7515,-4.6167,0
-7.2769,-0.87317,0
-8.9595,-5.2019,0
-10.352,1.5055,0
-7.7898,-1.9638,0
-9.111,-1.3886,0
-6.3963,-9.6173,0
-12.992,-3.9304,0
-12.01,-3.8527,0
-7.8126,-0.042473,0
-8.5979,-4.5239,0
-7.1236,-3.8357,0
-8.9209,0.3307,0
-7.9063,-1.5694,0
-8.4738,-4.6026,0
-11.815,-3.9391,0
-8.89,-7.8485,0
-10.896,-0.66137,0
-10.147,-6.6644,0
-11.384,-6.0947,0
-7.661,-4.7907,0
-7.8862,-0.86846,0
-7.4486,-1.4826,0
-10.958,-4.448,0
-9.1927,-1.5489,0
-10.679,-3.4065,0
-7.5762,-6.9278,0
-7.3335,-1.2741,0
-7.7054,-0.80153,0
-12.148,-2.5336,0
-6.973,-3.1652,0
-10.694,-4.7671,0
-12.024,0.53486,0
-9.7147,-1.0646,0
-8.7021,-2.8644,0
-7.8883,-2.0155,0
-6.3335,-2.3431,0
-9.5183,-3.4995,0
-7.1396,-2.8154,0
-10.57,-8.457,0
-7.1998,-4.9353,0
-9.5628,-2.5261,0
-9.5216,-5.2696,0
-9.9078,-2.7831,0
-10.45,-6.4948,0
-8.0853,-2.1335,0
-6.7725,-0.46716,0
-8.8642,-9.903,0
-9.0286,-1.7655,0
-7.3168,-3.0721,0
-8.1128,-1.2755,0
-10.268,1.7795,0
-13.287,-5.0589,0
-8.2413,-3.4014,0
-10.931,-0.48418,0
-6.7289,-4.8423,0
-8.0087,-6.1055,0
-9.3259,0.90495,0
-8.9407,-3.6941,0
-11.639,-4.7164,0
-11.463,-1.8897,0
-9.5618,-4.9405,0
-6.6593,0.57009,0
-8.3178,-7.493,0
-11.401,-2.1957,0
-10.38,-2.1751,0
-10.639,-5.7353,0
-9.2096,-2.5718,0
-8.3984,0.16886,0
-9.1369,-2.1496,0
-8.2535,-3.8308,0
-8.7278,-3.4211,0
-9.3944,-6.3605,0
-10.403,-8.5576,0
-8.8872,-1.6062,0
-8.8723,-5.8062,0
-11.471,-1.9664,0
-9.071,-4.4834,0
-7.361,-0.23194,0
-7.6202,-0.37537,0
-10.077,-5.9793,0
-8.2374,-1.5432,0
-9.2111,-7.7405,0
-11.128,-3.5415,0
-6.8218,-0.45969,0
-8.5383,-2.9612,0
-7.7691,-0.64113,0
-11.31,-0.55931,0
-9.699,-4.6164,0
-7.4833,0.25973,0
-9.8946,2.0199,0
-8.3253,-1.5001,0
-6.3028,-5.7027,0
-6.2148,-3.5533,0
-7.4946,-2.1152,0
-10.343,-4.9007,0
-10.135,-0.54845,0
-11.049,-1.7379,0
-6.034,-4.0917,0
-9.1697,-8.1306,0
-8.0685,-2.6227,0
-5.2391,-1.7053,0
-8.2459,-4.0322,0
-3.6449,-1.7969,0
-6.0957,-1.9567,0
-8.5767,-5.1948,0
-6.3649,-0.88519,0
-7.1315,-5.1932,0
-7.9097,-0.89921,0
-9.4637,-6.5366,0
-10.199,-10.519,0
-8.3342,1.6035,0
-10.837,-8.9914,0
-8.8967,-8.8412,0
-7.2051,-6.6822,0
-8.416,-6.0196,0
-6.4011,0.26634,0
-6.9036,-2.224,0
-5.5744,-5.0507,0
-6.3658,-2.0322,0
-9.7442,-0.35915,0
-8.3303,-7.9696,0
-7.3128,-2.166,0
-10.146,0.46408,0
-9.4769,0.97719,0
-9.6657,0.076216,0
-5.8751,-0.62101,0
-9.6676,-4.2884,0
-6.2712,0.96237,0
-10.224,0.32336,0
-5.0951,-2.3939,0
-6.7041,-8.925,0
-7.6259,-7.065,0
-10.385,-0.21595,0
-6.5042,-2.9445,0
-6.443,0.5561,0
-7.3063,-1.8284,0
-8.3557,3.3777,0
-10.541,-2.7441,0
-9.2208,-2.5622,0
-11.252,-4.9294,0
-6.1487,-8.3118,0
-5.2447,-4.8828,0
-8.2196,-1.4037,0
-8.6255,-4.6082,0
-4.9854,-7.5881,0
-10.269,-5.4004,0
-11.146,-6.373,0
-8.9418,-4.7656,0
-13.805,-2.0864,0
-9.9651,-2.5493,0
-8.6359,1.331,0
-7.9351,-5.7542,0
-9.6636,-2.5191,0
-4.9512,-7.7154,0
-8.46,-3.0329,0
-9.3208,-7.9299,0
-9.9692,-3.9099,0
-4.9402,-1.1816,0
-13.167,0.22347,0
-8.5652,-5.0144,0
-5.2804,-2.6154,0
-7.193,-2.7381,0
-9.8464,-4.1641,0
-8.8941,-1.276,0
-8.4732,-7.2569,0
-10.905,-2.8796,0
-5.219,-2.4739,0
-10.324,-3.7082,0
-8.2995,-5.6835,0
-8.6067,-4.1454,0
-5.755,-6.8198,0
-10.126,-4.0321,0
-10.234,-1.8445,0
-10.069,-6.3916,0
-7.7915,-8.9877,0
-5.629,-2.5273,0
-7.3238,2.7182,0
-9.8612,-3.0549,0
-6.9667,-3.4184,0
-6.4224,-0.52089,0
-10.248,-0.33378,0
-7.3163,-6.1699,0
-7.7858,-4.0266,0
-10.004,-4.8934,0
-10.471,-4.3146,0
-5.6592,-3.9223,0
-6.0389,-3.518,0
-11.372,-5.4583,0
-10.249,-2.216,0
-6.5711,-3.7608,0
-7.228,1.9242,0
-6.4674,-1.3341,0
-8.2532,-8.3309,0
-10.037,-6.8181,0
-9.4183,-1.8305,0
-12.496,-3.9429,0
-9.5374,0.087236,0
-11.095,1.9267,0
-9.6987,0.55901,0
-10.362,-5.1808,0
-3.3978,-1.3131,0
-8.5009,4.3596,0
-6.3275,-1.5269,0
-9.2506,-2.5427,0
-6.6474,-4.4947,0
-8.0555,-2.9129,0
-8.0844,-2.1649,0
-7.568,-5.9804,0
-7.9481,-1.8076,0
-7.5658,-3.4468,0
-8.2855,-4.0193,0
-5.8399,-2.3642,0
-9.8317,-5.2124,0
-11.152,-2.1279,0
-8.7456,-4.7547,0
-9.0379,-1.21,0
-9.9367,-2.4653,0
-9.5267,-9.1893,0
-8.291,-5.162,0
-7.7954,-4.3462,0
-7.47,-8.4095,0
-8.1177,1.5058,0
-9.1235,-8.2477,0
-11.95,-6.1133,0
-10.681,-0.17749,0
-7.7504,-0.19572,0
-10.778,-3.7379,0
-10.926,-5.7119,0
-5.7674,-5.0887,0
-5.3345,-1.1105,0
-12.852,-5.2974,0
-5.5875,-7.6014,0
-7.2308,-6.1922,0
-8.8692,-2.4951,0
-10.445,-5.5734,0
-9.2128,-1.3965,0
-8.8562,1.3785,0
-5.4476,-0.71885,0
-8.5064,-4.8381,0
-10.729,-1.3073,0
-8.0304,-1.9784,0
-9.9708,-5.3277,0
-9.496,-2.1591,0
-8.7611,-4.9572,0
-7.341,2.7637,0
-9.2765,-8.9771,0
-8.5288,-1.1408,0
-7.9286,-1.2526,0
-10.341,-4.5451,0
-8.156,-0.82298,0
-5.3341,-1.4021,0
-6.5216,-4.6057,0
10.649,5.7307,1
8.0838,3.0346,1
10.693,4.6371,1
7.1071,3.2927,1
6.5823,4.3962,1
3.345,5.0205,1
9.1962,4.8243,1
10.348,4.1523,1
7.0304,4.0342,1
12.915,2.8315,1
9.2928,3.0928,1
8.3102,3.9017,1
12.323,5.0543,1
10.413,5.407,1
9.56,4.7983,1
8.6346,2.1247,1
9.5032,3.658,1
9.1659,4.0309,1
10.289,3.4332,1
9.2539,4.0909,1
5.892,2.5984,1
8.0962,2.896,1
13.226,4.8245,1
10.162,3.7026,1
6.0597,3.8564,1
9.6877,4.6302,1
9.4316,2.0896,1
6.7856,3.3954,1
10.852,4.6278,1
7.966,3.9485,1
8.0598,2.6035,1
8.2025,3.1995,1
6.8779,4.1043,1
6.8551,6.5209,1
8.4371,3.301,1
4.4701,3.9316,1
8.0347,3.6927,1
10.656,4.2721,1
7.8608,4.8438,1
10.118,2.2166,1
10.799,4.7689,1
9.5403,4.2173,1
10.947,5.8792,1
8.5619,4.7218,1
7.8303,4.7011,1
11.34,2.2963,1
5.6961,4.2448,1
6.5143,2.9419,1
11.049,6.226,1
7.8317,3.6767,1
6.9867,3.0791,1
8.352,3.9139,1
12.556,3.2342,1
10.512,1.8687,1
6.1591,4.1247,1
7.7742,4.5584,1
8.7486,2.73,1
6.897,4.1429,1
14.01,3.0133,1
6.1536,2.8895,1
8.3958,6.3745,1
9.1423,2.1956,1
7.8194,3.0187,1
10.181,2.6993,1
9.5296,3.5529,1
11.623,4.0284,1
10.742,1.0784,1
7.1108,3.1883,1
8.0634,4.2209,1
8.2981,3.5579,1
6.9087,2.3793,1
5.4491,3.3777,1
8.4276,2.2571,1
13.43,2.776,1
10.649,3.5732,1
8.2897,2.9616,1
6.3137,5.1259,1
12.42,3.9357,1
6.2125,2.4544,1
10.006,4.3836,1
11.463,3.4051,1
4.5307,2.6485,1
9.6404,3.3241,1
15.381,3.6554,1
8.8864,3.9329,1
5.7559,2.8115,1
7.1211,4.7454,1
9.8945,4.0348,1
8.8305,3.039,1
5.7621,3.4456,1
7.4807,3.4945,1
6.576,3.8931,1
9.9959,4.1903,1
9.3378,3.9739,1
9.0091,1.0625,1
7.646,3.2654,1
7.3283,3.7212,1
10.884,3.9142,1
8.968,4.0814,1
11.389,2.9005,1
11.17,6.7693,1
9.7196,2.7205,1
7.758,3.1851,1
3.7226,4.1909,1
9.3513,7.1063,1
10.149,1.9967,1
5.8462,3.2165,1
10.836,4.01,1
11.793,3.9684,1
7.1899,4.4942,1
9.3302,4.5036,1
8.0928,3.6828,1
7.4276,5.1765,1
8.8849,4.1996,1
11.736,2.7608,1
9.3023,3.303,1
8.3224,2.1086,1
5.7409,5.6834,1
7.3513,3.9062,1
14.902,4.3188,1
8.6337,5.1482,1
10.658,4.0319,1
5.9309,4.2871,1
13.982,4.7131,1
6.4266,2.0769,1
9.5781,5.5277,1
10.33,4.4512,1
5.7622,2.3867,1
13.946,3.3411,1
8.0146,5.6571,1
8.6115,3.231,1
5.4436,3.7201,1
14.374,1.5844,1
12.289,3.7422,1
9.5815,5.4123,1
11.873,4.6809,1
7.6204,3.7776,1
10.232,5.295,1
12.205,3.5363,1
6.6975,2.0457,1
12.307,4.0218,1
9.7691,2.4755,1
11.462,2.673,1
7.6279,3.1216,1
9.4069,4.9494,1
12.392,2.0883,1
7.2381,4.2137,1
8.5844,4.6631,1
11.765,4.7204,1
6.5057,4.3744,1
7.4527,4.8109,1
7.0422,4.7039,1
11.202,4.7329,1
3.7986,4.1746,1
10.493,4.2051,1
8.0527,3.2358,1
10.869,2.8751,1
8.0731,4.3409,1
6.5833,4.0997,1
10.204,3.9325,1
8.7659,4.5002,1
6.4974,4.1626,1
9.216,3.0003,1
7.4311,3.2178,1
4.0942,4.6073,1
6.6218,2.9138,1
8.7176,3.0619,1
8.1049,4.2153,1
8.9274,2.8191,1
7.8775,3.3637,1
8.345,3.8313,1
11.838,2.611,1
11.539,3.6251,1
6.8275,5.2665,1
6.9358,3.7837,1
6.3766,4.3592,1
6.8788,2.3552,1
6.5211,3.4574,1
11.082,4.198,1
3.7477,4.3895,1
9.0396,3.9222,1
7.9161,1.979,1
10.359,3.3854,1
9.2545,2.9273,1
6.9624,3.3473,1
9.515,4.1006,1
7.974,3.7996,1
7.6782,2.9977,1
8.1494,2.9532,1
8.4862,3.4133,1
8.8505,3.7895,1
8.0557,2.4836,1
8.1438,3.0035,1
9.7488,5.5214,1
7.1288,2.3824,1
7.9556,4.166,1
9.5228,3.9575,1
7.6253,3.3457,1
5.3976,3.9569,1
5.4878,4.3727,1
13.116,3.4752,1
7.6816,4.4469,1
6.9261,5.8408,1
5.1747,4.1418,1
8.6113,4.1544,1
10.359,3.5039,1
10.566,2.4842,1
5.8238,5.4693,1
7.4202,4.3827,1
6.6553,3.6334,1
8.6407,2.7049,1
7.0294,2.8523,1
10.187,2.8002,1
12.611,4.2128,1
6.8163,6.5174,1
5.5164,2.1745,1
11.082,3.7423,1
8.4227,4.1636,1
5.9054,1.8359,1
5.8947,4.0044,1
12.914,3.7717,1
8.3377,2.6973,1
8.5893,3.3916,1
8.5604,3.8055,1
7.5796,3.297,1
8.9279,1.1167,1
10.673,3.2957,1
8.9995,1.8659,1
8.9822,3.1631,1
10.706,4.9787,1
9.3607,2.8263,1
10.445,4.6751,1
10.357,4.9033,1
11.226,2.4287,1
10.272,5.6874,1
6.9769,4.9562,1
5.2996,4.1897,1
6.4666,4.1498,1
11.449,3.3685,1
8.7906,4.443,1
11.664,1.9299,1
7.4567,3.9188,1
7.5716,3.3111,1
4.0946,3.856,1
9.139,3.8194,1
8.5112,3.7214,1
6.932,4.2293,1
7.1959,3.5814,1
9.347,4.2263,1
9.6329,3.4419,1
7.1168,2.1845,1
9.6818,2.8707,1
8.0707,4.9216,1
6.5557,4.4411,1
8.8874,3.0787,1
13.108,2.8318,1
5.7284,3.7726,1
10.526,3.1357,1
11.473,3.3719,1
7.5692,4.7467,1
7.1837,5.063,1
7.8304,2.8392,1
7.939,5.6225,1
11.905,3.6845,1
12.639,4.7646,1
6.2109,3.4992,1
4.601,3.7099,1
10.313,3.8123,1
9.3946,3.247,1
8.2065,5.715,1
8.8628,2.4218,1
5.9926,4.42,1
11.545,4.8588,1
9.747,3.7476,1
8.4313,3.9327,1
9.8107,4.1069,1
10.287,3.3079,1
11.802,2.0932,1
7.2474,5.645,1
8.5349,3.9099,1
6.8538,4.3097,1
7.9068,3.1866,1
7.9324,5.2544,1
9.326,3.3883,1
13.403,4.3041,1
7.124,2.8578,1
8.7981,2.4062,1
10.844,3.6784,1
13.182,4.5479,1
10.771,4.4547,1
9.7548,3.171,1
4.9534,4.1218,1
11.387,4.4153,1
9.1502,2.3366,1
8.2987,2.8021,1
9.0397,3.2499,1
8.2432,4.0787,1
10.303,5.3487,1
10.679,2.8929,1
5.7231,2.9449,1
8.2059,3.903,1
12.382,3.5097,1
9.4677,4.6349,1
9.3468,1.083,1
14.064,4.5746,1
9.5872,4.2687,1
7.5345,4.2682,1
7.9887,1.1111,1
8.1605,3.8947,1
9.3709,3.5826,1
11.051,4.5762,1
7.8381,2.5488,1
4.7514,3.5281,1
9.9992,3.3929,1
8.9101,2.9074,1
7.1403,2.9428,1
9.682,2.7402,1
6.345,3.1486,1
11.164,2.9711,1
12.264,2.8888,1
8.9359,3.4229,1
14.844,2.903,1
7.9488,4.874,1
11.522,4.7847,1
5.1334,2.2683,1
8.8787,3.8716,1
5.5079,2.2924,1
7.4901,3.6485,1
9.6794,2.5701,1
8.2516,3.506,1
8.5816,3.851,1
8.2846,2.7088,1
11.613,2.1714,1
13.119,3.1152,1
11.296,2.8172,1
7.3078,3.2143,1
4.0223,2.8246,1
9.3088,2.549,1
10.127,2.9889,1
5.7319,3.6477,1
9.1338,4.1228,1
4.4504,3.762,1
8.1917,3.915,1
11.385,3.9073,1
9.637,2.7657,1
14.304,4.6475,1
6.4922,3.1376,1
12.337,4.0582,1
8.2156,-6.5271,2
7.2587,-4.2622,2
7.8044,-3.8406,2
6.9127,-4.3201,2
7.2121,-4.7593,2
8.4693,-7.3034,2
7.3657,-5.3302,2
7.3785,-4.4318,2
8.2541,-6.4841,2
7.492,-3.7604,2
7.9753,-4.9925,2
6.9144,-4.245,2
8.2418,-6.1072,2
8.12,-3.8284,2
7.6756,-4.4762,2
7.2497,-4.1172,2
8.4106,-5.8478,2
7.0156,-3.981,2
8.7999,-6.5485,2
7.0777,-4.2993,2
7.4763,-5.0505,2
8.1552,-5.8966,2
7.4436,-4.5786,2
7.2312,-5.9856,2
7.6833,-5.9679,2
6.6674,-5.5157,2
9.4386,-5.7959,2
5.3942,-2.1707,2
6.9269,-3.8527,2
7.9469,-5.9709,2
6.0344,-4.2924,2
8.6967,-5.2022,2
8.4927,-4.4105,2
8.3618,-5.6847,2
8.1598,-4.2095,2
7.6256,-6.482,2
7.7893,-4.995,2
7.2521,-4.7258,2
7.6499,-4.7727,2
7.5338,-5.0105,2
7.8623,-7.0781,2
6.9526,-4.6928,2
8.2638,-5.6613,2
9.4484,-5.9467,2
6.4876,-4.0547,2
9.5684,-7.2943,2
8.0989,-6.183,2
6.5926,-3.9801,2
7.9602,-6.2165,2
8.8069,-5.8233,2
6.9069,-4.6037,2
6.5391,-4.9293,2
8.347,-6.8836,2
7.8385,-5.0626,2
8.1494,-5.285,2
8.2944,-4.8217,2
7.8148,-5.2004,2
8.7626,-5.7789,2
8.8702,-5.3984,2
7.2142,-3.0256,2
7.1049,-4.1121,2
7.7312,-5.3242,2
7.34,-4.6256,2
8.6486,-5.6255,2
8.8288,-5.5268,2
7.9347,-3.8464,2
6.3787,-5.0515,2
6.8747,-5.43,2
7.599,-4.7222,2
8.772,-4.1725,2
7.5728,-5.5751,2
7.1127,-4.2749,2
8.1487,-6.5926,2
7.2091,-4.7191,2
7.555,-5.4798,2
8.2995,-5.9042,2
7.7058,-5.5501,2
6.719,-4.9549,2
7.9507,-4.5895,2
7.9824,-7.1236,2
7.8991,-4.8419,2
8.2506,-5.5188,2
7.6961,-4.1385,2
7.6822,-6.8555,2
6.6825,-3.8927,2
8.2874,-5.8692,2
8.1857,-7.3237,2
8.9969,-5.2579,2
8.1289,-6.2902,2
7.4148,-4.5725,2
9.2615,-4.4814,2
7.462,-5.5185,2
7.4838,-3.9746,2
8.576,-6.3019,2
7.1814,-3.9164,2
7.9234,-5.394,2
8.508,-6.0655,2
7.7345,-5.3726,2
7.5017,-3.8008,2
7.7243,-3.618,2
7.4222,-4.1503,2
7.213,-4.034,2
7.4204,-5.683,2
6.4918,-4.8812,2
7.3669,-5.0899,2
7.3242,-4.5709,2
7.5192,-3.1827,2
7.6375,-3.9513,2
9.4532,-7.6996,2
7.1899,-5.1811,2
7.4125,-3.0061,2
6.7768,-4.1845,2
7.4646,-5.3319,2
7.6743,-4.7474,2
8.1221,-4.6834,2
8.3384,-6.888,2
6.7333,-4.3674,2
6.4213,-3.4815,2
6.9593,-4.329,2
7.4948,-5.0622,2
7.6071,-4.6131,2
8.6492,-5.9028,2
8.0203,-3.7528,2
7.5284,-4.292,2
7.8024,-4.8004,2
8.6289,-4.8782,2
8.9957,-6.5143,2
6.5869,-3.0038,2
8.1451,-5.6413,2
8.9485,-6.3413,2
6.9347,-5.0264,2
8.2016,-6.6672,2
7.001,-5.1803,2
8.7634,-6.0517,2
9.1424,-7.4128,2
7.9725,-3.7691,2
9.1234,-5.6248,2
8.2901,-5.1614,2
7.6896,-4.0287,2
6.727,-3.5746,2
7.3028,-6.2028,2
7.1206,-5.3939,2
7.8238,-5.6532,2
6.8411,-4.3426,2
6.9341,-3.9485,2
8.8601,-4.9238,2
9.2826,-7.476,2
8.9767,-6.0789,2
6.8422,-3.3874,2
7.2949,-5.0213,2
8.2857,-6.3864,2
7.8109,-5.1198,2
8.2301,-5.7798,2
7.4207,-6.2863,2
6.4557,-3.4405,2
8.077,-4.1925,2
9.1699,-5.1321,2
8.5519,-5.2998,2
7.5451,-5.454,2
8.8023,-5.7607,2
6.9227,-6.0548,2
8.649,-5.6136,2
6.1819,-2.8569,2
6.795,-4.301,2
6.5138,-5.4973,2
9.323,-6.3929,2
8.0366,-5.2246,2
8.1944,-5.6799,2
7.9092,-6.441,2
7.6994,-5.7014,2
6.6635,-4.895,2
7.5666,-4.677,2
7.8648,-4.5645,2
7.9946,-4.9224,2
8.0545,-5.0158,2
7.7618,-5.3045,2
7.2036,-6.07,2
5.7874,-3.971,2
8.2266,-6.0963,2
7.5852,-4.4509,2
7.9995,-5.1969,2
7.4762,-6.3513,2
7.8997,-6.0477,2
9.8319,-6.7214,2
7.3824,-5.1382,2
8.0238,-5.6888,2
7.8511,-4.4196,2
6.9877,-3.2161,2
7.1192,-5.0342,2
7.6218,-6.0222,2
8.7577,-5.8178,2
8.5526,-5.3586,2
8.3681,-6.3699,2
6.9646,-4.5272,2
8.6234,-5.6543,2
6.543,-2.7819,2
7.7632,-4.3304,2
8.683,-5.9563,2
8.3346,-5.5957,2
6.6837,-4.0287,2
8.576,-5.2829,2
8.1347,-5.4019,2
6.7756,-4.5889,2
7.7987,-6.0876,2
7.9127,-4.5256,2
8.6153,-5.6161,2
8.1189,-6.2536,2
8.6043,-7.4819,2
8.0874,-4.1316,2
8.913,-6.9181,2
6.7369,-3.939,2
7.8461,-4.7666,2
8.1945,-4.9938,2
6.5046,-3.2262,2
7.7471,-5.1957,2
7.2431,-4.6458,2
6.6771,-4.3819,2
7.624,-6.7235,2
6.172,-3.5138,2
7.5765,-5.1971,2
7.7706,-6.7615,2
6.7682,-5.0744,2
7.9159,-5.304,2
7.146,-4.5682,2
7.7271,-5.3171,2
7.7008,-5.4318,2
8.8575,-5.9046,2
8.0627,-5.5288,2
8.0142,-4.3934,2
6.6631,-4.4595,2
8.495,-4.1055,2
7.4774,-4.0836,2
7.4955,-6.1321,2
6.8565,-3.6279,2
6.9127,-4.0458,2
8.7396,-8.641,2
9.2703,-6.8469,2
8.0527,-5.4739,2
9.4019,-6.1149,2
7.679,-5.073,2
8.4397,-7.3166,2
6.6137,-4.443,2
8.2451,-4.4793,2
8.0067,-5.4733,2
7.2652,-4.7433,2
6.9017,-3.5815,2
9.1588,-4.938,2
7.8728,-5.4358,2
8.1058,-5.353,2
7.4737,-4.729,2
8.5847,-5.2863,2
7.7038,-5.785,2
6.1314,-1.8954,2
6.9253,-4.1217,2
6.2093,-2.2464,2
7.0771,-5.0127,2
7.1308,-4.3515,2
7.1384,-6.4636,2
8.5246,-5.1531,2
7.5253,-5.4788,2
8.8802,-5.5265,2
7.8162,-5.3801,2
9.133,-6.4248,2
5.69,-1.7776,2
8.0019,-3.9945,2
7.933,-5.4046,2
7.654,-5.7336,2
8.6269,-3.512,2
7.9632,-5.0994,2
8.5929,-6.8857,2
8.4574,-5.4915,2
9.687,-6.2996,2
-3.0872,-11.316,3
-1.5599,-7.4649,3
1.0848,-7.9757,3
0.97853,-8.4281,3
-1.1174,-8.1798,3
-0.86476,-7.3842,3
-0.86391,-9.4699,3
-1.8327,-8.782,3
0.32964,-7.1794,3
-3.386,-9.2315,3
-3.5595,-8.7162,3
-2.2101,-9.4642,3
-1.7889,-9.5479,3
-0.90334,-6.8431,3
-1.5379,-8.1813,3
-2.4555,-8.2584,3
-2.192,-8.898,3
-4.0587,-9.2624,3
0.62087,-7.9101,3
-3.9006,-10.091,3
-2.7338,-9.5038,3
-1.699,-7.502,3
-0.85624,-8.8151,3
0.28374,-6.8633,3
0.81163,-8.4153,3
1.0262,-8.3492,3
-1.9486,-6.5346,3
0.59939,-10.503,3
-2.0552,-8.0321,3
-3.3809,-8.5311,3
-3.2337,-9.9707,3
-2.928,-9.0649,3
-1.0648,-7.9272,3
-3.0627,-7.5749,3
-1.7192,-10.152,3
-0.083849,-8.088,3
-1.605,-10.296,3
-2.2793,-8.8142,3
-1.4297,-7.6046,3
-0.92305,-7.8232,3
-1.4106,-9.0779,3
-2.4597,-8.947,3
-1.9808,-9.3116,3
-1.793,-8.7857,3
-1.5437,-9.0157,3
-1.3064,-8.6326,3
-3.4986,-8.3231,3
-1.0291,-8.1972,3
-1.8077,-10.668,3
-2.7334,-8.352,3
-3.1641,-10.456,3
-3.6733,-10.331,3
-3.1405,-7.0932,3
-2.9017,-9.6625,3
-1.0887,-7.952,3
-4.4857,-8.8353,3
-1.5244,-10.167,3
-2.4333,-10.992,3
-2.3636,-9.2295,3
-2.1762,-11.094,3
-3.6442,-9.5895,3
1.2269,-6.798,3
-0.93545,-9.9154,3
-1.2701,-9.9894,3
-0.70265,-8.8436,3
1.074,-7.9056,3
-2.363,-9.3773,3
-3.1916,-8.072,3
-2.8692,-7.6001,3
3.5549,-7.6458,3
-3.0339,-7.9274,3
-2.1739,-10.167,3
-0.60641,-8.8124,3
-0.049243,-9.8408,3
-2.9542,-9.7807,3
-0.19529,-9.8516,3
0.82322,-9.4921,3
-0.35306,-8.3072,3
-2.3654,-8.0476,3
-2.2351,-9.0458,3
-2.966,-9.2712,3
-1.2548,-8.5924,3
-0.91906,-8.2041,3
-1.7945,-9.7669,3
-2.4031,-9.6236,3
-0.92803,-7.6441,3
0.77843,-8.1101,3
-0.96486,-11.006,3
-0.88033,-9.5672,3
-2.9011,-10.788,3
-2.9053,-8.2463,3
-3.1376,-9.3904,3
-3.4172,-9.1206,3
-1.2255,-9.7476,3
-1.9858,-10.088,3
-2.0837,-8.4188,3
0.25279,-9.7594,3
-2.5596,-8.27,3
-1.7558,-8.7771,3
-4.2627,-9.6012,3
-2.9178,-8.4674,3
-2.6894,-10.258,3
0.93781,-11.22,3
0.36031,-9.7499,3
-2.3105,-9.4256,3
-1.5618,-8.1044,3
-2.5711,-10.045,3
-0.3315,-9.0685,3
-0.8691,-6.9885,3
0.33303,-9.6365,3
-4.439,-10.197,3
-3.6271,-7.4155,3
-4.6297,-8.4992,3
-1.7498,-8.3812,3
-2.2558,-8.9684,3
-1.6264,-9.6401,3
-1.8329,-8.9675,3
-2.5083,-8.8248,3
-1.7018,-10.654,3
-2.1735,-7.758,3
-0.48503,-9.1255,3
-3.3241,-9.2019,3
-0.45738,-7.7501,3
-2.8358,-7.9229,3
-3.3615,-10.476,3
-2.1783,-9.9361,3
-1.1593,-8.8914,3
-0.29678,-8.8436,3
-0.35193,-7.5743,3
-1.6152,-9.9141,3
-0.58379,-9.411,3
-0.42018,-8.9314,3
-2.6144,-7.2878,3
-1.6595,-5.649,3
-0.26361,-6.5427,3
-0.85191,-8.9375,3
-2.1839,-9.6563,3
-2.5682,-9.8759,3
-0.10899,-7.3697,3
-0.85734,-10.7,3
-0.23786,-7.2834,3
1.1397,-9.9192,3
-1.1404,-8.3092,3
-2.0701,-8.3207,3
-2.3436,-9.5968,3
-1.7679,-8.6446,3
-0.65549,-8.9426,3
-2.4513,-9.654,3
-1.8782,-8.7556,3
-2.4458,-9.2858,3
-2.038,-6.5939,3
-2.9608,-6.549,3
-1.7309,-10.885,3
-1.474,-9.8411,3
-1.2524,-9.2321,3
-0.60214,-9.6935,3
-1.7335,-8.7984,3
0.2995,-10.539,3
-2.6711,-11.108,3
-0.64778,-8.7717,3
-1.5473,-7.431,3
-3.444,-8.5983,3
-2.0654,-9.8459,3
-1.983,-8.7481,3
-0.090807,-9.4107,3
-2.3682,-9.0572,3
0.22654,-10.504,3
-1.6306,-8.6617,3
0.41871,-8.7564,3
-1.5111,-8.2931,3
-2.7497,-9.3171,3
-3.7619,-9.1171,3
-2.463,-9.6623,3
-0.68667,-9.5131,3
-2.3472,-8.4195,3
-3.8128,-8.6775,3
-4.2786,-9.1011,3
-3.3948,-8.0297,3
-0.59935,-8.6583,3
-2.2981,-10.989,3
-1.5087,-8.6281,3
-4.3496,-7.3361,3
-1.8127,-9.2907,3
-0.58885,-8.4131,3
-1.307,-10.498,3
-4.7832,-8.9738,3
-1.3873,-7.2193,3
2.9955,-9.296,3
-2.869,-8.6595,3
-1.9297,-8.8125,3
1.2233,-7.0403,3
-1.9256,-8.554,3
0.83184,-8.4542,3
-1.377,-8.4559,3
-2.9017,-7.2047,3
-0.040682,-9.2074,3
-0.87765,-7.0961,3
-2.6254,-9.0162,3
-3.3986,-7.4336,3
-2.7326,-8.1926,3
-4.4352,-10.101,3
-2.0343,-9.5279,3
-4.151,-8.3354,3
-0.76079,-8.818,3
-1.8182,-9.3509,3
-1.3762,-8.9863,3
-2.6353,-7.5582,3
1.1998,-8.2893,3
-0.38196,-10.505,3
0.43488,-9.1081,3
-5.2696,-9.1545,3
-0.61779,-6.771,3
-1.1273,-8.587,3
1.6526,-7.8735,3
-1.9908,-7.9422,3
-0.77657,-8.9152,3
-3.5686,-8.7849,3
-1.1146,-8.3151,3
-1.0196,-9.2206,3
-2.4171,-6.8836,3
-5.3024,-9.1915,3
0.69528,-8.8529,3
-1.3443,-8.2741,3
0.40851,-9.0686,3
-2.9035,-9.8739,3
-0.89411,-9.8414,3
-1.9008,-7.8203,3
-1.9016,-9.1219,3
0.78443,-7.4343,3
-1.9299,-10.367,3
-0.30065,-9.2996,3
-2.0371,-10.614,3
0.52138,-8.714,3
-2.1506,-9.4795,3
-3.1459,-9.3809,3
-4.1657,-9.0425,3
-0.40608,-7.8853,3
-1.8721,-10.764,3
-1.3804,-8.8796,3
-1.6183,-8.2879,3
-2.1394,-8.9136,3
-1.955,-7.1706,3
-3.3106,-8.3699,3
-2.6622,-8.7207,3
-0.80437,-10.309,3
-0.239,-6.9282,3
-1.6316,-10.236,3
-3.6257,-9.9221,3
-0.69981,-9.1217,3
-3.3376,-8.3657,3
-0.96347,-9.4207,3
-2.7234,-10.289,3
-0.10279,-5.9413,3
-0.57184,-8.4069,3
2.0146,-9.2188,3
-0.89319,-8.0907,3
-2.9005,-8.6134,3
-0.53463,-8.9646,3
-0.69458,-8.5141,3
-1.9719,-9.3033,3
1.1743,-6.3688,3
-1.9425,-9.8592,3
-1.374,-5.7815,3
-2.1433,-9.1606,3
-0.029026,-6.0172,3
-1.804,-7.6597,3
-2.2376,-11.337,3
-3.3373,-10.595,3
2.2579,-8.515,3
-1.2793,-8.6782,3
-4.1397,-8.3252,3
-0.66077,-9.0729,3
-0.57964,-7.2802,3
-1.9918,-9.2657,3
-2.0371,-6.0224,3
-0.017472,-7.4184,3
-1.5189,-9.2381,3
-1.6188,-6.7619,3
0.17931,-7.8155,3
-4.1753,-8.0748,3
-2.0313,-9.5644,3
-2.5483,-8.5698,3
-3.5313,-10.002,3
-3.5847,-10.449,3
-1.954,-5.3349,3
-3.4652,-7.6323,3
-2.1353,-8.3308,3
-1.5283,-10.167,3
-3.1267,-8.8288,3
-2.3542,-8.123,3
0.14859,-8.9764,3
0.93853,-6.5184,3
-2.0225,-9.5481,3
-2.4703,-8.1018,3
-2.2176,-7.6834,3
0.016106,-7.9535,3
-2.6146,-8.1311,3
-0.85533,-8.5413,3
0.27232,-7.7408,3
-3.2579,-7.2116,3
2.6331,-7.6922,3
-1.3768,-8.052,3
1.5254,-9.9826,3
-2.1419,-9.9982,3
0.092104,-8.5718,3
-2.2598,-8.7561,3
-0.39816,-7.7829,3
-1.244,-8.2456,3
-2.4477,-8.4664,3
-2.0466,-8.9772,3
-0.96199,-9.7451,3
-0.83885,-7.6657,3
-1.4461,-9.9678,3
-2.477,-7.8331,3
-0.63533,-7.7157,3
-2.8282,-8.3787,3
-4.4004,-7.6974,3
-2.6572,-8.5171,3
-2.0333,-9.3729,3
-1.881,-10.276,3
-1.6765,-7.0194,3
-3.8792,-10.537,3
0.11947,-7.8562,3
-2.6097,-9.4292,3
-3.5569,-9.4339,3
0.26381,-7.7157,3
1.4083,-10.277,3
-1.0701,-8.4397,3
-3.7645,-9.0615,3
-0.30874,-8.7416,3
0.81815,-8.267,3
-0.26972,-10.338,3
0.10204,-7.131,3
0.33898,-8.1359,3
-0.90277,-10.214,3
-2.8225,-8.9785,3
0.82174,-8.1263,3
-1.7418,-8.1267,3
-0.66065,-8.4398,3
-2.9604,-8.8871,3
-1.8466,-10.695,3
-1.0411,-5.9885,3
0.22027,-8.401,3
-0.94807,-11.498,3
-0.22658,-9.6463,3
-1.3343,-9.2231,3
-1.5959,-7.5767,3
-4.7319,-8.4401,3
0.96126,-9.2921,3
1.1599,-8.5284,3
-4.8967,-9.9364,3
-1.1446,-8.0007,3
0.34106,-9.6254,3
-2.7898,-9.3169,3
-1.4792,-10.325,3
-3.4419,-10.141,3
-1.3811,-8.6383,3
-2.8215,-8.9174,3
0.9785,-9.1871,3
-1.0218,-9.1373,3
-1.7563,-8.7285,3
-1.3173,-7.3928,3
-2.9083,-8.2771,3
-1.1124,-8.4912,3
0.61831,-7.8353,3
-1.9366,-8.5861,3
-1.3072,-11.349,3
-4.5989,-7.8017,3
-1.7394,-9.7049,3
-3.8557,-8.8898,3
-3.4553,-8.3506,3
-2.6454,-10.926,3
-2.0026,-9.3257,3
-0.84271,-7.0566,3
-2.7643,-8.6899,3
-2.5404,-9.9529,3
-0.84925,-7.4689,3
0.89252,-6.8072,3
-0.49678,-8.1215,3
-1.9726,-8.1876,3
0.076754,-8.4805,3
-1.2785,-9.4044,3
-2.8465,-9.5627,3
-1.1706,-10.249,3
-0.99826,-8.4452,3
-1.715,-7.7368,3
-0.0081837,-7.2751,3
0.072053,-8.2357,3
-2.5659,-9.654,3
-2.8672,-8.7981,3
-0.42197,-8.9196,3
-3.0913,-8.1151,3
-2.1785,-10.2,3
0.94576,-8.7248,3
-3.3836,-7.9273,3
-1.7263,-9.4983,3
-1.745,-9.5224,3
-3.0041,-10.203,3
-0.53905,-8.3499,3
-2.1318,-8.7167,3
1.3485,-8.63,3
-2.7414,-9.8896,3
-4.2434,-9.8509,3
-1.1212,-10.474,3
0.31284,-10.337,3
-4.8103,-9.7143,3
0.14733,-8.9352,3
-0.18973,-9.3461,3
-0.60931,-9.6564,3
0.41398,-7.5191,3
-2.036,-9.0169,3
-2.3215,-9.7011,3
-3.6601,-9.3626,3
-0.35292,-8.7973,3
-2.2366,-9.9459,3
-0.4946,-11.182,3
-1.9838,-9.2688,3
-3.0418,-10.418,3
-0.31103,-11.409,3
-1.8527,-7.6551,3
-0.88214,-9.3331,3
0.36482,-8.0766,3
-0.24755,-8.3032,3
-2.8361,-9.8221,3
