-8.950200,-5.578700,1
-8.817500,-4.824300,1
-6.545100,2.269100,0
-9.237300,-1.999700,1
-7.390500,-5.021600,1
-7.976600,-4.362200,1
-12.457000,-2.964300,1
-7.365600,-2.123200,1
-11.711000,-4.010400,1
-9.930700,-6.041300,1
-5.047100,-6.602100,4
-7.216100,-1.930000,1
-11.338000,-1.982800,1
-6.912600,-0.305140,1
-7.642300,-7.064000,1
-9.628600,0.449200,1
-7.383000,-5.333200,1
-6.587600,2.039000,0
-9.492200,-5.138200,1
-7.584800,2.074900,0
-13.323000,-1.114300,0
-6.388500,-3.526000,1
-6.350800,-2.785300,1
-8.698800,-2.821800,1
-5.312300,0.219170,1
-9.107900,-3.767700,1
-8.107800,-0.590290,1
-6.646700,-3.118900,1
-9.635000,-6.591300,1
-6.512500,-0.990520,1
-12.208000,-5.850700,1
-9.333100,-4.961600,1
-9.770200,-4.539600,1
-7.589300,-4.096300,1
-9.362800,-4.588000,1
-10.269000,-2.285400,1
-10.748000,-1.887200,1
-7.699900,0.329740,1
-8.250200,-0.870520,1
-10.928000,-4.765400,1
-9.157900,-8.044900,1
-9.241400,-2.198000,1
-9.629700,-8.164300,1
-10.455000,-2.834400,1
-9.060900,-8.331500,1
-7.141300,-6.466500,1
-12.270000,-4.739600,1
-8.147600,-3.886900,1
-4.824700,-4.492700,1
-11.290000,-7.150400,1
-8.881200,-4.052900,1
-7.646800,-2.975000,1
-7.238400,2.853100,0
-9.980000,2.636900,0
-9.920900,-5.562300,1
-7.600900,-4.046900,1
-7.320300,-9.668900,0
-8.348600,-4.437000,1
-9.686700,-7.546000,1
-8.880500,-2.612100,1
-7.157500,-2.676000,1
-10.307000,-5.616700,1
-13.020000,-2.967200,1
-5.967800,-5.101100,1
-8.708900,-8.613200,1
-10.235000,-2.095600,1
-7.777400,-1.222000,1
-10.210000,-2.179800,1
-8.830600,-2.640400,1
-10.553000,-9.100500,0
-6.693600,-0.064384,1
-9.834500,-0.191750,1
-5.863900,-7.802300,0
-8.938000,-0.910650,1
-5.532100,-1.645400,1
-8.096300,-4.745600,1
-7.679900,-3.335200,1
-10.426000,-0.644880,1
-10.415000,-2.018800,1
-11.105000,-4.878800,1
-8.456700,-4.418300,1
-8.094600,0.203830,1
-6.918500,-3.377600,1
-9.800600,-3.441700,1
-9.414000,-6.330700,1
-5.522400,1.701100,0
-9.150800,-5.112300,1
-10.425000,-2.374400,1
-7.742600,-3.186400,1
-4.952200,1.022800,0
-5.067600,-6.150000,1
-7.897400,-6.943200,1
-5.223400,-1.614400,1
-8.499300,1.854100,1
-8.229800,1.496800,1
-6.257200,-4.456200,1
-8.647700,-10.492000,0
-8.688000,-3.509300,1
-5.337300,-4.053900,1
-9.467800,-4.365200,1
-8.967600,-1.174400,1
-9.149500,1.999200,1
-6.751000,-3.219600,1
-8.802800,2.543600,1
-9.803300,-7.785300,1
-6.743300,-2.540800,1
-7.871100,-1.034600,1
-10.156000,-2.242300,1
-13.511000,-9.106100,0
-11.043000,-9.574900,0
-11.659000,-5.585300,1
-7.970800,-2.297700,1
-6.250700,-6.536900,1
-8.639900,-3.372100,1
-4.376000,-2.884900,1
-7.710900,0.422010,1
-7.879900,-1.617200,1
-5.181400,-2.258100,1
-10.573000,-0.268100,1
-10.207000,-3.869600,1
-9.706800,-5.660100,1
-7.673900,-2.175700,1
-8.574500,-2.524600,1
-11.336000,1.659300,0
-8.160300,-4.980700,1
-6.987100,-1.740600,1
-11.034000,-4.177800,1
-8.783400,-3.745100,1
-6.842600,-3.714800,1
-8.928100,-4.403600,1
-6.892100,2.527400,0
-11.216000,-1.394800,1
-7.344500,-7.226800,1
-9.911500,-7.304500,1
-10.466000,-6.804400,1
-8.570600,-5.697300,1
-8.478000,-4.121100,1
-5.727400,-4.192000,1
-11.510000,-4.642900,1
-8.701100,-5.289200,1
-9.228100,-4.391000,1
-8.610400,-1.265900,1
-10.105000,-4.776500,1
-10.065000,-2.571300,1
-10.202000,-5.324800,1
-8.166000,-3.987000,1
-8.084900,-8.468200,1
-10.356000,0.607500,1
-12.463000,-6.066500,1
-10.846000,-0.668670,1
-7.952900,2.242800,1
-8.526100,-1.587500,1
-9.025800,-3.659100,1
-4.060700,-5.822800,0
-8.610500,-2.864900,1
-15.422000,-6.796900,0
-6.957500,-2.906700,1
-9.915400,-3.414300,1
-8.293500,-4.572500,1
-8.033900,-3.449300,1
-9.784200,-0.311080,1
-8.687500,-0.299230,1
-8.466100,-0.648910,1
-6.641000,-2.722200,1
-8.490700,-4.738800,1
-7.608400,1.495900,1
-8.192400,-7.281200,1
-9.046500,0.564710,1
-8.160700,-0.647330,1
-5.812700,-6.787800,1
-10.277000,-4.192300,1
-11.260000,-1.823500,1
-6.248300,-4.974400,1
-5.596700,-1.830300,1
-6.842500,-5.602600,1
-11.271000,-1.411800,1
-8.207400,-5.358300,1
-8.183500,-8.487100,1
-6.829300,-0.109370,1
-7.882300,-0.981840,1
-12.067000,-1.035300,1
-7.263600,-2.346900,1
-10.131000,-1.680100,1
-12.737000,-3.949600,1
-12.388000,-3.017800,1
-9.076500,-4.100300,1
-7.697100,-9.098200,1
-6.465700,-0.279870,1
-4.982700,-1.453200,1
-11.030000,-2.634500,1
-8.071400,-9.667600,1
-12.650000,-0.234390,0
-9.758800,1.098300,1
-7.509000,-5.077200,1
-8.013500,-5.521500,1
-11.236000,-5.820400,1
-9.534300,-3.679500,1
-8.946400,-1.513700,1
-6.150500,-1.183500,1
-8.534900,-7.201800,1
-9.482600,-3.217200,1
-10.779000,-4.395800,1
-7.676500,-1.552000,1
-11.215000,-3.001800,1
-7.617000,-6.898600,1
-6.082900,-0.767110,1
-8.319800,-0.678370,1
-7.756900,-2.229800,1
-6.050400,-3.271600,1
-6.215300,-5.967100,1
-10.308000,-3.693200,1
-6.921100,-0.636460,1
-9.271300,-0.293720,1
-6.679500,-1.850600,1
-5.171400,1.208900,0
-13.591000,-2.883600,0
-7.502000,-3.420900,1
-9.503200,-2.792600,1
-6.102200,-3.298200,1
-10.942000,-1.463400,1
-6.682500,-1.627800,1
-6.352800,3.851300,0
-11.143000,-3.725700,1
-7.106100,-5.206800,1
-6.514000,-0.485780,1
-6.403800,-2.778100,1
-8.819000,-4.492100,1
-8.969500,0.512260,1
-5.885300,0.618610,1
-9.916000,-3.197900,1
-8.473300,0.502320,1
-7.231800,-4.371300,1
-8.832200,-3.852400,1
-9.336400,-4.219600,1
-5.257100,5.478600,0
-9.288100,-1.371400,1
-4.511100,-11.444000,4
-7.446000,-1.908100,1
-8.591800,0.841640,1
-9.849200,-5.163200,1
-11.049000,1.976700,0
-10.702000,-6.835800,1
-10.206000,-7.321100,1
-8.801800,-4.160800,1
-10.279000,-7.847000,1
-9.439100,0.451820,1
-9.710900,-0.330220,1
-8.071200,-4.336200,1
-14.267000,-6.601100,0
-10.132000,0.394070,1
-8.521400,-0.511010,1
-8.766700,-4.182500,1
-4.895900,-5.531100,1
-8.596900,-6.986000,1
-7.534300,-4.223400,1
-8.494000,-1.164800,1
-9.868100,-3.273200,1
-9.604200,-5.148600,1
-8.079700,-4.631000,1
-8.389100,-0.345830,1
-11.960000,-3.081100,1
-7.895900,-2.076100,1
-9.462600,-3.804900,1
-4.559500,-1.541400,1
-6.982600,-4.859900,1
-6.792800,-0.220350,1
-6.629100,-1.344700,1
-8.141000,-5.285000,1
-11.381000,-4.931700,1
-7.450300,-2.689500,1
-8.250300,-0.551360,1
-7.596600,-6.489500,1
-8.488400,-8.125600,1
-7.247300,-2.993100,1
-6.402100,-4.684200,1
-7.751500,-4.616700,1
-7.276900,-0.873170,1
-8.959500,-5.201900,1
-10.352000,1.505500,1
-7.789800,-1.963800,1
-9.111000,-1.388600,1
-6.396300,-9.617300,0
-12.992000,-3.930400,1
-12.010000,-3.852700,1
-7.812600,-0.042473,1
-8.597900,-4.523900,1
-7.123600,-3.835700,1
-8.920900,0.330700,1
-7.906300,-1.569400,1
-8.473800,-4.602600,1
-11.815000,-3.939100,1
-8.890000,-7.848500,1
-10.896000,-0.661370,1
-10.147000,-6.664400,1
-11.384000,-6.094700,1
-7.661000,-4.790700,1
-7.886200,-0.868460,1
-7.448600,-1.482600,1
-10.958000,-4.448000,1
-9.192700,-1.548900,1
-10.679000,-3.406500,1
-7.576200,-6.927800,1
-7.333500,-1.274100,1
-7.705400,-0.801530,1
-12.148000,-2.533600,1
-6.973000,-3.165200,1
-10.694000,-4.767100,1
-12.024000,0.534860,0
-9.714700,-1.064600,1
-8.702100,-2.864400,1
-7.888300,-2.015500,1
-6.333500,-2.343100,1
-9.518300,-3.499500,1
-7.139600,-2.815400,1
-10.570000,-8.457000,1
-7.199800,-4.935300,1
-9.562800,-2.526100,1
-9.521600,-5.269600,1
-9.907800,-2.783100,1
-10.450000,-6.494800,1
-8.085300,-2.133500,1
-6.772500,-0.467160,1
-8.864200,-9.903000,1
-9.028600,-1.765500,1
-7.316800,-3.072100,1
-8.112800,-1.275500,1
-10.268000,1.779500,1
-13.287000,-5.058900,1
-8.241300,-3.401400,1
-10.931000,-0.484180,1
-6.728900,-4.842300,1
-8.008700,-6.105500,1
-9.325900,0.904950,1
-8.940700,-3.694100,1
-11.639000,-4.716400,1
-11.463000,-1.889700,1
-9.561800,-4.940500,1
-6.659300,0.570090,1
-8.317800,-7.493000,1
-11.401000,-2.195700,1
-10.380000,-2.175100,1
-10.639000,-5.735300,1
-9.209600,-2.571800,1
-8.398400,0.168860,1
-9.136900,-2.149600,1
-8.253500,-3.830800,1
-8.727800,-3.421100,1
-9.394400,-6.360500,1
-10.403000,-8.557600,1
-8.887200,-1.606200,1
-8.872300,-5.806200,1
-11.471000,-1.966400,1
-9.071000,-4.483400,1
-7.361000,-0.231940,1
-7.620200,-0.375370,1
-10.077000,-5.979300,1
-8.237400,-1.543200,1
-9.211100,-7.740500,1
-11.128000,-3.541500,1
-6.821800,-0.459690,1
-8.538300,-2.961200,1
-7.769100,-0.641130,1
-11.310000,-0.559310,1
-9.699000,-4.616400,1
-7.483300,0.259730,1
-9.894600,2.019900,1
-8.325300,-1.500100,1
-6.302800,-5.702700,1
-6.214800,-3.553300,1
-7.494600,-2.115200,1
-10.343000,-4.900700,1
-10.135000,-0.548450,1
-11.049000,-1.737900,1
-6.034000,-4.091700,1
-9.169700,-8.130600,1
-8.068500,-2.622700,1
-5.239100,-1.705300,1
-8.245900,-4.032200,1
-3.644900,-1.796900,0
-6.095700,-1.956700,1
-8.576700,-5.194800,1
-6.364900,-0.885190,1
-7.131500,-5.193200,1
-7.909700,-0.899210,1
-9.463700,-6.536600,1
-10.199000,-10.519000,0
-8.334200,1.603500,1
-10.837000,-8.991400,0
-8.896700,-8.841200,1
-7.205100,-6.682200,1
-8.416000,-6.019600,1
-6.401100,0.266340,1
-6.903600,-2.224000,1
-5.574400,-5.050700,1
-6.365800,-2.032200,1
-9.744200,-0.359150,1
-8.330300,-7.969600,1
-7.312800,-2.166000,1
-10.146000,0.464080,1
-9.476900,0.977190,1
-9.665700,0.076216,1
-5.875100,-0.621010,1
-9.667600,-4.288400,1
-6.271200,0.962370,1
-10.224000,0.323360,1
-5.095100,-2.393900,1
-6.704100,-8.925000,0
-7.625900,-7.065000,1
-10.385000,-0.215950,1
-6.504200,-2.944500,1
-6.443000,0.556100,1
-7.306300,-1.828400,1
-8.355700,3.377700,0
-10.541000,-2.744100,1
-9.220800,-2.562200,1
-11.252000,-4.929400,1
-6.148700,-8.311800,0
-5.244700,-4.882800,1
-8.219600,-1.403700,1
-8.625500,-4.608200,1
-4.985400,-7.588100,4
-10.269000,-5.400400,1
-11.146000,-6.373000,1
-8.941800,-4.765600,1
-13.805000,-2.086400,0
-9.965100,-2.549300,1
-8.635900,1.331000,1
-7.935100,-5.754200,1
-9.663600,-2.519100,1
-4.951200,-7.715400,4
-8.460000,-3.032900,1
-9.320800,-7.929900,1
-9.969200,-3.909900,1
-4.940200,-1.181600,1
-13.167000,0.223470,0
-8.565200,-5.014400,1
-5.280400,-2.615400,1
-7.193000,-2.738100,1
-9.846400,-4.164100,1
-8.894100,-1.276000,1
-8.473200,-7.256900,1
-10.905000,-2.879600,1
-5.219000,-2.473900,1
-10.324000,-3.708200,1
-8.299500,-5.683500,1
-8.606700,-4.145400,1
-5.755000,-6.819800,1
-10.126000,-4.032100,1
-10.234000,-1.844500,1
-10.069000,-6.391600,1
-7.791500,-8.987700,1
-5.629000,-2.527300,1
-7.323800,2.718200,0
-9.861200,-3.054900,1
-6.966700,-3.418400,1
-6.422400,-0.520890,1
-10.248000,-0.333780,1
-7.316300,-6.169900,1
-7.785800,-4.026600,1
-10.004000,-4.893400,1
-10.471000,-4.314600,1
-5.659200,-3.922300,1
-6.038900,-3.518000,1
-11.372000,-5.458300,1
-10.249000,-2.216000,1
-6.571100,-3.760800,1
-7.228000,1.924200,0
-6.467400,-1.334100,1
-8.253200,-8.330900,1
-10.037000,-6.818100,1
-9.418300,-1.830500,1
-12.496000,-3.942900,1
-9.537400,0.087236,1
-11.095000,1.926700,0
-9.698700,0.559010,1
-10.362000,-5.180800,1
-3.397800,-1.313100,0
-8.500900,4.359600,0
-6.327500,-1.526900,1
-9.250600,-2.542700,1
-6.647400,-4.494700,1
-8.055500,-2.912900,1
-8.084400,-2.164900,1
-7.568000,-5.980400,1
-7.948100,-1.807600,1
-7.565800,-3.446800,1
-8.285500,-4.019300,1
-5.839900,-2.364200,1
-9.831700,-5.212400,1
-11.152000,-2.127900,1
-8.745600,-4.754700,1
-9.037900,-1.210000,1
-9.936700,-2.465300,1
-9.526700,-9.189300,1
-8.291000,-5.162000,1
-7.795400,-4.346200,1
-7.470000,-8.409500,1
-8.117700,1.505800,1
-9.123500,-8.247700,1
-11.950000,-6.113300,1
-10.681000,-0.177490,1
-7.750400,-0.195720,1
-10.778000,-3.737900,1
-10.926000,-5.711900,1
-5.767400,-5.088700,1
-5.334500,-1.110500,1
-12.852000,-5.297400,1
-5.587500,-7.601400,4
-7.230800,-6.192200,1
-8.869200,-2.495100,1
-10.445000,-5.573400,1
-9.212800,-1.396500,1
-8.856200,1.378500,1
-5.447600,-0.718850,1
-8.506400,-4.838100,1
-10.729000,-1.307300,1
-8.030400,-1.978400,1
-9.970800,-5.327700,1
-9.496000,-2.159100,1
-8.761100,-4.957200,1
-7.341000,2.763700,0
-9.276500,-8.977100,1
-8.528800,-1.140800,1
-7.928600,-1.252600,1
-10.341000,-4.545100,1
-8.156000,-0.822980,1
-5.334100,-1.402100,1
-6.521600,-4.605700,1
10.649000,5.730700,2
8.083800,3.034600,2
10.693000,4.637100,2
7.107100,3.292700,2
6.582300,4.396200,2
3.345000,5.020500,0
9.196200,4.824300,2
10.348000,4.152300,2
7.030400,4.034200,2
12.915000,2.831500,2
9.292800,3.092800,2
8.310200,3.901700,2
12.323000,5.054300,2
10.413000,5.407000,2
9.560000,4.798300,2
8.634600,2.124700,2
9.503200,3.658000,2
9.165900,4.030900,2
10.289000,3.433200,2
9.253900,4.090900,2
5.892000,2.598400,2
8.096200,2.896000,2
13.226000,4.824500,2
10.162000,3.702600,2
6.059700,3.856400,2
9.687700,4.630200,2
9.431600,2.089600,2
6.785600,3.395400,2
10.852000,4.627800,2
7.966000,3.948500,2
8.059800,2.603500,2
8.202500,3.199500,2
6.877900,4.104300,2
6.855100,6.520900,2
8.437100,3.301000,2
4.470100,3.931600,2
8.034700,3.692700,2
10.656000,4.272100,2
7.860800,4.843800,2
10.118000,2.216600,2
10.799000,4.768900,2
9.540300,4.217300,2
10.947000,5.879200,2
8.561900,4.721800,2
7.830300,4.701100,2
11.340000,2.296300,2
5.696100,4.244800,2
6.514300,2.941900,2
11.049000,6.226000,2
7.831700,3.676700,2
6.986700,3.079100,2
8.352000,3.913900,2
12.556000,3.234200,2
10.512000,1.868700,2
6.159100,4.124700,2
7.774200,4.558400,2
8.748600,2.730000,2
6.897000,4.142900,2
14.010000,3.013300,2
6.153600,2.889500,2
8.395800,6.374500,2
9.142300,2.195600,2
7.819400,3.018700,2
10.181000,2.699300,2
9.529600,3.552900,2
11.623000,4.028400,2
10.742000,1.078400,2
7.110800,3.188300,2
8.063400,4.220900,2
8.298100,3.557900,2
6.908700,2.379300,2
5.449100,3.377700,2
8.427600,2.257100,2
13.430000,2.776000,2
10.649000,3.573200,2
8.289700,2.961600,2
6.313700,5.125900,2
12.420000,3.935700,2
6.212500,2.454400,2
10.006000,4.383600,2
11.463000,3.405100,2
4.530700,2.648500,2
9.640400,3.324100,2
15.381000,3.655400,0
8.886400,3.932900,2
5.755900,2.811500,2
7.121100,4.745400,2
9.894500,4.034800,2
8.830500,3.039000,2
5.762100,3.445600,2
7.480700,3.494500,2
6.576000,3.893100,2
9.995900,4.190300,2
9.337800,3.973900,2
9.009100,1.062500,2
7.646000,3.265400,2
7.328300,3.721200,2
10.884000,3.914200,2
8.968000,4.081400,2
11.389000,2.900500,2
11.170000,6.769300,2
9.719600,2.720500,2
7.758000,3.185100,2
3.722600,4.190900,2
9.351300,7.106300,0
10.149000,1.996700,2
5.846200,3.216500,2
10.836000,4.010000,2
11.793000,3.968400,2
7.189900,4.494200,2
9.330200,4.503600,2
8.092800,3.682800,2
7.427600,5.176500,2
8.884900,4.199600,2
11.736000,2.760800,2
9.302300,3.303000,2
8.322400,2.108600,2
5.740900,5.683400,2
7.351300,3.906200,2
14.902000,4.318800,0
8.633700,5.148200,2
10.658000,4.031900,2
5.930900,4.287100,2
13.982000,4.713100,0
6.426600,2.076900,2
9.578100,5.527700,2
10.330000,4.451200,2
5.762200,2.386700,2
13.946000,3.341100,2
8.014600,5.657100,2
8.611500,3.231000,2
5.443600,3.720100,2
14.374000,1.584400,0
12.289000,3.742200,2
9.581500,5.412300,2
11.873000,4.680900,2
7.620400,3.777600,2
10.232000,5.295000,2
12.205000,3.536300,2
6.697500,2.045700,2
12.307000,4.021800,2
9.769100,2.475500,2
11.462000,2.673000,2
7.627900,3.121600,2
9.406900,4.949400,2
12.392000,2.088300,2
7.238100,4.213700,2
8.584400,4.663100,2
11.765000,4.720400,2
6.505700,4.374400,2
7.452700,4.810900,2
7.042200,4.703900,2
11.202000,4.732900,2
3.798600,4.174600,2
10.493000,4.205100,2
8.052700,3.235800,2
10.869000,2.875100,2
8.073100,4.340900,2
6.583300,4.099700,2
10.204000,3.932500,2
8.765900,4.500200,2
6.497400,4.162600,2
9.216000,3.000300,2
7.431100,3.217800,2
4.094200,4.607300,2
6.621800,2.913800,2
8.717600,3.061900,2
8.104900,4.215300,2
8.927400,2.819100,2
7.877500,3.363700,2
8.345000,3.831300,2
11.838000,2.611000,2
11.539000,3.625100,2
6.827500,5.266500,2
6.935800,3.783700,2
6.376600,4.359200,2
6.878800,2.355200,2
6.521100,3.457400,2
11.082000,4.198000,2
3.747700,4.389500,2
9.039600,3.922200,2
7.916100,1.979000,2
10.359000,3.385400,2
9.254500,2.927300,2
6.962400,3.347300,2
9.515000,4.100600,2
7.974000,3.799600,2
7.678200,2.997700,2
8.149400,2.953200,2
8.486200,3.413300,2
8.850500,3.789500,2
8.055700,2.483600,2
8.143800,3.003500,2
9.748800,5.521400,2
7.128800,2.382400,2
7.955600,4.166000,2
9.522800,3.957500,2
7.625300,3.345700,2
5.397600,3.956900,2
5.487800,4.372700,2
13.116000,3.475200,2
7.681600,4.446900,2
6.926100,5.840800,2
5.174700,4.141800,2
8.611300,4.154400,2
10.359000,3.503900,2
10.566000,2.484200,2
5.823800,5.469300,2
7.420200,4.382700,2
6.655300,3.633400,2
8.640700,2.704900,2
7.029400,2.852300,2
10.187000,2.800200,2
12.611000,4.212800,2
6.816300,6.517400,2
5.516400,2.174500,2
11.082000,3.742300,2
8.422700,4.163600,2
5.905400,1.835900,2
5.894700,4.004400,2
12.914000,3.771700,2
8.337700,2.697300,2
8.589300,3.391600,2
8.560400,3.805500,2
7.579600,3.297000,2
8.927900,1.116700,2
10.673000,3.295700,2
8.999500,1.865900,2
8.982200,3.163100,2
10.706000,4.978700,2
9.360700,2.826300,2
10.445000,4.675100,2
10.357000,4.903300,2
11.226000,2.428700,2
10.272000,5.687400,2
6.976900,4.956200,2
5.299600,4.189700,2
6.466600,4.149800,2
11.449000,3.368500,2
8.790600,4.443000,2
11.664000,1.929900,2
7.456700,3.918800,2
7.571600,3.311100,2
4.094600,3.856000,2
9.139000,3.819400,2
8.511200,3.721400,2
6.932000,4.229300,2
7.195900,3.581400,2
9.347000,4.226300,2
9.632900,3.441900,2
7.116800,2.184500,2
9.681800,2.870700,2
8.070700,4.921600,2
6.555700,4.441100,2
8.887400,3.078700,2
13.108000,2.831800,2
5.728400,3.772600,2
10.526000,3.135700,2
11.473000,3.371900,2
7.569200,4.746700,2
7.183700,5.063000,2
7.830400,2.839200,2
7.939000,5.622500,2
11.905000,3.684500,2
12.639000,4.764600,2
6.210900,3.499200,2
4.601000,3.709900,2
10.313000,3.812300,2
9.394600,3.247000,2
8.206500,5.715000,2
8.862800,2.421800,2
5.992600,4.420000,2
11.545000,4.858800,2
9.747000,3.747600,2
8.431300,3.932700,2
9.810700,4.106900,2
10.287000,3.307900,2
11.802000,2.093200,2
7.247400,5.645000,2
8.534900,3.909900,2
6.853800,4.309700,2
7.906800,3.186600,2
7.932400,5.254400,2
9.326000,3.388300,2
13.403000,4.304100,2
7.124000,2.857800,2
8.798100,2.406200,2
10.844000,3.678400,2
13.182000,4.547900,2
10.771000,4.454700,2
9.754800,3.171000,2
4.953400,4.121800,2
11.387000,4.415300,2
9.150200,2.336600,2
8.298700,2.802100,2
9.039700,3.249900,2
8.243200,4.078700,2
10.303000,5.348700,2
10.679000,2.892900,2
5.723100,2.944900,2
8.205900,3.903000,2
12.382000,3.509700,2
9.467700,4.634900,2
9.346800,1.083000,2
14.064000,4.574600,0
9.587200,4.268700,2
7.534500,4.268200,2
7.988700,1.111100,2
8.160500,3.894700,2
9.370900,3.582600,2
11.051000,4.576200,2
7.838100,2.548800,2
4.751400,3.528100,2
9.999200,3.392900,2
8.910100,2.907400,2
7.140300,2.942800,2
9.682000,2.740200,2
6.345000,3.148600,2
11.164000,2.971100,2
12.264000,2.888800,2
8.935900,3.422900,2
14.844000,2.903000,0
7.948800,4.874000,2
11.522000,4.784700,2
5.133400,2.268300,2
8.878700,3.871600,2
5.507900,2.292400,2
7.490100,3.648500,2
9.679400,2.570100,2
8.251600,3.506000,2
8.581600,3.851000,2
8.284600,2.708800,2
11.613000,2.171400,2
13.119000,3.115200,2
11.296000,2.817200,2
7.307800,3.214300,2
4.022300,2.824600,2
9.308800,2.549000,2
10.127000,2.988900,2
5.731900,3.647700,2
9.133800,4.122800,2
4.450400,3.762000,2
8.191700,3.915000,2
11.385000,3.907300,2
9.637000,2.765700,2
14.304000,4.647500,0
6.492200,3.137600,2
12.337000,4.058200,2
8.215600,-6.527100,3
7.258700,-4.262200,3
7.804400,-3.840600,3
6.912700,-4.320100,3
7.212100,-4.759300,3
8.469300,-7.303400,3
7.365700,-5.330200,3
7.378500,-4.431800,3
8.254100,-6.484100,3
7.492000,-3.760400,3
7.975300,-4.992500,3
6.914400,-4.245000,3
8.241800,-6.107200,3
8.120000,-3.828400,3
7.675600,-4.476200,3
7.249700,-4.117200,3
8.410600,-5.847800,3
7.015600,-3.981000,3
8.799900,-6.548500,3
7.077700,-4.299300,3
7.476300,-5.050500,3
8.155200,-5.896600,3
7.443600,-4.578600,3
7.231200,-5.985600,3
7.683300,-5.967900,3
6.667400,-5.515700,3
9.438600,-5.795900,3
5.394200,-2.170700,3
6.926900,-3.852700,3
7.946900,-5.970900,3
6.034400,-4.292400,3
8.696700,-5.202200,3
8.492700,-4.410500,3
8.361800,-5.684700,3
8.159800,-4.209500,3
7.625600,-6.482000,3
7.789300,-4.995000,3
7.252100,-4.725800,3
7.649900,-4.772700,3
7.533800,-5.010500,3
7.862300,-7.078100,3
6.952600,-4.692800,3
8.263800,-5.661300,3
9.448400,-5.946700,3
6.487600,-4.054700,3
9.568400,-7.294300,3
8.098900,-6.183000,3
6.592600,-3.980100,3
7.960200,-6.216500,3
8.806900,-5.823300,3
6.906900,-4.603700,3
6.539100,-4.929300,3
8.347000,-6.883600,3
7.838500,-5.062600,3
8.149400,-5.285000,3
8.294400,-4.821700,3
7.814800,-5.200400,3
8.762600,-5.778900,3
8.870200,-5.398400,3
7.214200,-3.025600,3
7.104900,-4.112100,3
7.731200,-5.324200,3
7.340000,-4.625600,3
8.648600,-5.625500,3
8.828800,-5.526800,3
7.934700,-3.846400,3
6.378700,-5.051500,3
6.874700,-5.430000,3
7.599000,-4.722200,3
8.772000,-4.172500,3
7.572800,-5.575100,3
7.112700,-4.274900,3
8.148700,-6.592600,3
7.209100,-4.719100,3
7.555000,-5.479800,3
8.299500,-5.904200,3
7.705800,-5.550100,3
6.719000,-4.954900,3
7.950700,-4.589500,3
7.982400,-7.123600,3
7.899100,-4.841900,3
8.250600,-5.518800,3
7.696100,-4.138500,3
7.682200,-6.855500,3
6.682500,-3.892700,3
8.287400,-5.869200,3
8.185700,-7.323700,3
8.996900,-5.257900,3
8.128900,-6.290200,3
7.414800,-4.572500,3
9.261500,-4.481400,3
7.462000,-5.518500,3
7.483800,-3.974600,3
8.576000,-6.301900,3
7.181400,-3.916400,3
7.923400,-5.394000,3
8.508000,-6.065500,3
7.734500,-5.372600,3
7.501700,-3.800800,3
7.724300,-3.618000,3
7.422200,-4.150300,3
7.213000,-4.034000,3
7.420400,-5.683000,3
6.491800,-4.881200,3
7.366900,-5.089900,3
7.324200,-4.570900,3
7.519200,-3.182700,3
7.637500,-3.951300,3
9.453200,-7.699600,3
7.189900,-5.181100,3
7.412500,-3.006100,3
6.776800,-4.184500,3
7.464600,-5.331900,3
7.674300,-4.747400,3
8.122100,-4.683400,3
8.338400,-6.888000,3
6.733300,-4.367400,3
6.421300,-3.481500,3
6.959300,-4.329000,3
7.494800,-5.062200,3
7.607100,-4.613100,3
8.649200,-5.902800,3
8.020300,-3.752800,3
7.528400,-4.292000,3
7.802400,-4.800400,3
8.628900,-4.878200,3
8.995700,-6.514300,3
6.586900,-3.003800,3
8.145100,-5.641300,3
8.948500,-6.341300,3
6.934700,-5.026400,3
8.201600,-6.667200,3
7.001000,-5.180300,3
8.763400,-6.051700,3
9.142400,-7.412800,3
7.972500,-3.769100,3
9.123400,-5.624800,3
8.290100,-5.161400,3
7.689600,-4.028700,3
6.727000,-3.574600,3
7.302800,-6.202800,3
7.120600,-5.393900,3
7.823800,-5.653200,3
6.841100,-4.342600,3
6.934100,-3.948500,3
8.860100,-4.923800,3
9.282600,-7.476000,3
8.976700,-6.078900,3
6.842200,-3.387400,3
7.294900,-5.021300,3
8.285700,-6.386400,3
7.810900,-5.119800,3
8.230100,-5.779800,3
7.420700,-6.286300,3
6.455700,-3.440500,3
8.077000,-4.192500,3
9.169900,-5.132100,3
8.551900,-5.299800,3
7.545100,-5.454000,3
8.802300,-5.760700,3
6.922700,-6.054800,3
8.649000,-5.613600,3
6.181900,-2.856900,3
6.795000,-4.301000,3
6.513800,-5.497300,3
9.323000,-6.392900,3
8.036600,-5.224600,3
8.194400,-5.679900,3
7.909200,-6.441000,3
7.699400,-5.701400,3
6.663500,-4.895000,3
7.566600,-4.677000,3
7.864800,-4.564500,3
7.994600,-4.922400,3
8.054500,-5.015800,3
7.761800,-5.304500,3
7.203600,-6.070000,3
5.787400,-3.971000,3
8.226600,-6.096300,3
7.585200,-4.450900,3
7.999500,-5.196900,3
7.476200,-6.351300,3
7.899700,-6.047700,3
9.831900,-6.721400,3
7.382400,-5.138200,3
8.023800,-5.688800,3
7.851100,-4.419600,3
6.987700,-3.216100,3
7.119200,-5.034200,3
7.621800,-6.022200,3
8.757700,-5.817800,3
8.552600,-5.358600,3
8.368100,-6.369900,3
6.964600,-4.527200,3
8.623400,-5.654300,3
6.543000,-2.781900,3
7.763200,-4.330400,3
8.683000,-5.956300,3
8.334600,-5.595700,3
6.683700,-4.028700,3
8.576000,-5.282900,3
8.134700,-5.401900,3
6.775600,-4.588900,3
7.798700,-6.087600,3
7.912700,-4.525600,3
8.615300,-5.616100,3
8.118900,-6.253600,3
8.604300,-7.481900,3
8.087400,-4.131600,3
8.913000,-6.918100,3
6.736900,-3.939000,3
7.846100,-4.766600,3
8.194500,-4.993800,3
6.504600,-3.226200,3
7.747100,-5.195700,3
7.243100,-4.645800,3
6.677100,-4.381900,3
7.624000,-6.723500,3
6.172000,-3.513800,3
7.576500,-5.197100,3
7.770600,-6.761500,3
6.768200,-5.074400,3
7.915900,-5.304000,3
7.146000,-4.568200,3
7.727100,-5.317100,3
7.700800,-5.431800,3
8.857500,-5.904600,3
8.062700,-5.528800,3
8.014200,-4.393400,3
6.663100,-4.459500,3
8.495000,-4.105500,3
7.477400,-4.083600,3
7.495500,-6.132100,3
6.856500,-3.627900,3
6.912700,-4.045800,3
8.739600,-8.641000,3
9.270300,-6.846900,3
8.052700,-5.473900,3
9.401900,-6.114900,3
7.679000,-5.073000,3
8.439700,-7.316600,3
6.613700,-4.443000,3
8.245100,-4.479300,3
8.006700,-5.473300,3
7.265200,-4.743300,3
6.901700,-3.581500,3
9.158800,-4.938000,3
7.872800,-5.435800,3
8.105800,-5.353000,3
7.473700,-4.729000,3
8.584700,-5.286300,3
7.703800,-5.785000,3
6.131400,-1.895400,3
6.925300,-4.121700,3
6.209300,-2.246400,3
7.077100,-5.012700,3
7.130800,-4.351500,3
7.138400,-6.463600,3
8.524600,-5.153100,3
7.525300,-5.478800,3
8.880200,-5.526500,3
7.816200,-5.380100,3
9.133000,-6.424800,3
5.690000,-1.777600,3
8.001900,-3.994500,3
7.933000,-5.404600,3
7.654000,-5.733600,3
8.626900,-3.512000,3
7.963200,-5.099400,3
8.592900,-6.885700,3
8.457400,-5.491500,3
9.687000,-6.299600,3
-3.087200,-11.316000,4
-1.559900,-7.464900,4
1.084800,-7.975700,4
0.978530,-8.428100,4
-1.117400,-8.179800,4
-0.864760,-7.384200,4
-0.863910,-9.469900,4
-1.832700,-8.782000,4
0.329640,-7.179400,4
-3.386000,-9.231500,4
-3.559500,-8.716200,4
-2.210100,-9.464200,4
-1.788900,-9.547900,4
-0.903340,-6.843100,4
-1.537900,-8.181300,4
-2.455500,-8.258400,4
-2.192000,-8.898000,4
-4.058700,-9.262400,4
0.620870,-7.910100,4
-3.900600,-10.091000,4
-2.733800,-9.503800,4
-1.699000,-7.502000,4
-0.856240,-8.815100,4
0.283740,-6.863300,4
0.811630,-8.415300,4
1.026200,-8.349200,4
-1.948600,-6.534600,4
0.599390,-10.503000,4
-2.055200,-8.032100,4
-3.380900,-8.531100,4
-3.233700,-9.970700,4
-2.928000,-9.064900,4
-1.064800,-7.927200,4
-3.062700,-7.574900,4
-1.719200,-10.152000,4
-0.083849,-8.088000,4
-1.605000,-10.296000,4
-2.279300,-8.814200,4
-1.429700,-7.604600,4
-0.923050,-7.823200,4
-1.410600,-9.077900,4
-2.459700,-8.947000,4
-1.980800,-9.311600,4
-1.793000,-8.785700,4
-1.543700,-9.015700,4
-1.306400,-8.632600,4
-3.498600,-8.323100,4
-1.029100,-8.197200,4
-1.807700,-10.668000,4
-2.733400,-8.352000,4
-3.164100,-10.456000,4
-3.673300,-10.331000,4
-3.140500,-7.093200,4
-2.901700,-9.662500,4
-1.088700,-7.952000,4
-4.485700,-8.835300,4
-1.524400,-10.167000,4
-2.433300,-10.992000,4
-2.363600,-9.229500,4
-2.176200,-11.094000,4
-3.644200,-9.589500,4
1.226900,-6.798000,4
-0.935450,-9.915400,4
-1.270100,-9.989400,4
-0.702650,-8.843600,4
1.074000,-7.905600,4
-2.363000,-9.377300,4
-3.191600,-8.072000,4
-2.869200,-7.600100,4
3.554900,-7.645800,0
-3.033900,-7.927400,4
-2.173900,-10.167000,4
-0.606410,-8.812400,4
-0.049243,-9.840800,4
-2.954200,-9.780700,4
-0.195290,-9.851600,4
0.823220,-9.492100,4
-0.353060,-8.307200,4
-2.365400,-8.047600,4
-2.235100,-9.045800,4
-2.966000,-9.271200,4
-1.254800,-8.592400,4
-0.919060,-8.204100,4
-1.794500,-9.766900,4
-2.403100,-9.623600,4
-0.928030,-7.644100,4
0.778430,-8.110100,4
-0.964860,-11.006000,4
-0.880330,-9.567200,4
-2.901100,-10.788000,4
-2.905300,-8.246300,4
-3.137600,-9.390400,4
-3.417200,-9.120600,4
-1.225500,-9.747600,4
-1.985800,-10.088000,4
-2.083700,-8.418800,4
0.252790,-9.759400,4
-2.559600,-8.270000,4
-1.755800,-8.777100,4
-4.262700,-9.601200,4
-2.917800,-8.467400,4
-2.689400,-10.258000,4
0.937810,-11.220000,4
0.360310,-9.749900,4
-2.310500,-9.425600,4
-1.561800,-8.104400,4
-2.571100,-10.045000,4
-0.331500,-9.068500,4
-0.869100,-6.988500,4
0.333030,-9.636500,4
-4.439000,-10.197000,4
-3.627100,-7.415500,4
-4.629700,-8.499200,4
-1.749800,-8.381200,4
-2.255800,-8.968400,4
-1.626400,-9.640100,4
-1.832900,-8.967500,4
-2.508300,-8.824800,4
-1.701800,-10.654000,4
-2.173500,-7.758000,4
-0.485030,-9.125500,4
-3.324100,-9.201900,4
-0.457380,-7.750100,4
-2.835800,-7.922900,4
-3.361500,-10.476000,4
-2.178300,-9.936100,4
-1.159300,-8.891400,4
-0.296780,-8.843600,4
-0.351930,-7.574300,4
-1.615200,-9.914100,4
-0.583790,-9.411000,4
-0.420180,-8.931400,4
-2.614400,-7.287800,4
-1.659500,-5.649000,4
-0.263610,-6.542700,4
-0.851910,-8.937500,4
-2.183900,-9.656300,4
-2.568200,-9.875900,4
-0.108990,-7.369700,4
-0.857340,-10.700000,4
-0.237860,-7.283400,4
1.139700,-9.919200,4
-1.140400,-8.309200,4
-2.070100,-8.320700,4
-2.343600,-9.596800,4
-1.767900,-8.644600,4
-0.655490,-8.942600,4
-2.451300,-9.654000,4
-1.878200,-8.755600,4
-2.445800,-9.285800,4
-2.038000,-6.593900,4
-2.960800,-6.549000,4
-1.730900,-10.885000,4
-1.474000,-9.841100,4
-1.252400,-9.232100,4
-0.602140,-9.693500,4
-1.733500,-8.798400,4
0.299500,-10.539000,4
-2.671100,-11.108000,4
-0.647780,-8.771700,4
-1.547300,-7.431000,4
-3.444000,-8.598300,4
-2.065400,-9.845900,4
-1.983000,-8.748100,4
-0.090807,-9.410700,4
-2.368200,-9.057200,4
0.226540,-10.504000,4
-1.630600,-8.661700,4
0.418710,-8.756400,4
-1.511100,-8.293100,4
-2.749700,-9.317100,4
-3.761900,-9.117100,4
-2.463000,-9.662300,4
-0.686670,-9.513100,4
-2.347200,-8.419500,4
-3.812800,-8.677500,4
-4.278600,-9.101100,4
-3.394800,-8.029700,4
-0.599350,-8.658300,4
-2.298100,-10.989000,4
-1.508700,-8.628100,4
-4.349600,-7.336100,4
-1.812700,-9.290700,4
-0.588850,-8.413100,4
-1.307000,-10.498000,4
-4.783200,-8.973800,4
-1.387300,-7.219300,4
2.995500,-9.296000,0
-2.869000,-8.659500,4
-1.929700,-8.812500,4
1.223300,-7.040300,4
-1.925600,-8.554000,4
0.831840,-8.454200,4
-1.377000,-8.455900,4
-2.901700,-7.204700,4
-0.040682,-9.207400,4
-0.877650,-7.096100,4
-2.625400,-9.016200,4
-3.398600,-7.433600,4
-2.732600,-8.192600,4
-4.435200,-10.101000,4
-2.034300,-9.527900,4
-4.151000,-8.335400,4
-0.760790,-8.818000,4
-1.818200,-9.350900,4
-1.376200,-8.986300,4
-2.635300,-7.558200,4
1.199800,-8.289300,4
-0.381960,-10.505000,4
0.434880,-9.108100,4
-5.269600,-9.154500,4
-0.617790,-6.771000,4
-1.127300,-8.587000,4
1.652600,-7.873500,4
-1.990800,-7.942200,4
-0.776570,-8.915200,4
-3.568600,-8.784900,4
-1.114600,-8.315100,4
-1.019600,-9.220600,4
-2.417100,-6.883600,4
-5.302400,-9.191500,4
0.695280,-8.852900,4
-1.344300,-8.274100,4
0.408510,-9.068600,4
-2.903500,-9.873900,4
-0.894110,-9.841400,4
-1.900800,-7.820300,4
-1.901600,-9.121900,4
0.784430,-7.434300,4
-1.929900,-10.367000,4
-0.300650,-9.299600,4
-2.037100,-10.614000,4
0.521380,-8.714000,4
-2.150600,-9.479500,4
-3.145900,-9.380900,4
-4.165700,-9.042500,4
-0.406080,-7.885300,4
-1.872100,-10.764000,4
-1.380400,-8.879600,4
-1.618300,-8.287900,4
-2.139400,-8.913600,4
-1.955000,-7.170600,4
-3.310600,-8.369900,4
-2.662200,-8.720700,4
-0.804370,-10.309000,4
-0.239000,-6.928200,4
-1.631600,-10.236000,4
-3.625700,-9.922100,4
-0.699810,-9.121700,4
-3.337600,-8.365700,4
-0.963470,-9.420700,4
-2.723400,-10.289000,4
-0.102790,-5.941300,4
-0.571840,-8.406900,4
2.014600,-9.218800,4
-0.893190,-8.090700,4
-2.900500,-8.613400,4
-0.534630,-8.964600,4
-0.694580,-8.514100,4
-1.971900,-9.303300,4
1.174300,-6.368800,4
-1.942500,-9.859200,4
-1.374000,-5.781500,4
-2.143300,-9.160600,4
-0.029026,-6.017200,4
-1.804000,-7.659700,4
-2.237600,-11.337000,4
-3.337300,-10.595000,4
2.257900,-8.515000,4
-1.279300,-8.678200,4
-4.139700,-8.325200,4
-0.660770,-9.072900,4
-0.579640,-7.280200,4
-1.991800,-9.265700,4
-2.037100,-6.022400,4
-0.017472,-7.418400,4
-1.518900,-9.238100,4
-1.618800,-6.761900,4
0.179310,-7.815500,4
-4.175300,-8.074800,4
-2.031300,-9.564400,4
-2.548300,-8.569800,4
-3.531300,-10.002000,4
-3.584700,-10.449000,4
-1.954000,-5.334900,4
-3.465200,-7.632300,4
-2.135300,-8.330800,4
-1.528300,-10.167000,4
-3.126700,-8.828800,4
-2.354200,-8.123000,4
0.148590,-8.976400,4
0.938530,-6.518400,4
-2.022500,-9.548100,4
-2.470300,-8.101800,4
-2.217600,-7.683400,4
0.016106,-7.953500,4
-2.614600,-8.131100,4
-0.855330,-8.541300,4
0.272320,-7.740800,4
-3.257900,-7.211600,4
2.633100,-7.692200,4
-1.376800,-8.052000,4
1.525400,-9.982600,4
-2.141900,-9.998200,4
0.092104,-8.571800,4
-2.259800,-8.756100,4
-0.398160,-7.782900,4
-1.244000,-8.245600,4
-2.447700,-8.466400,4
-2.046600,-8.977200,4
-0.961990,-9.745100,4
-0.838850,-7.665700,4
-1.446100,-9.967800,4
-2.477000,-7.833100,4
-0.635330,-7.715700,4
-2.828200,-8.378700,4
-4.400400,-7.697400,4
-2.657200,-8.517100,4
-2.033300,-9.372900,4
-1.881000,-10.276000,4
-1.676500,-7.019400,4
-3.879200,-10.537000,4
0.119470,-7.856200,4
-2.609700,-9.429200,4
-3.556900,-9.433900,4
0.263810,-7.715700,4
1.408300,-10.277000,4
-1.070100,-8.439700,4
-3.764500,-9.061500,4
-0.308740,-8.741600,4
0.818150,-8.267000,4
-0.269720,-10.338000,4
0.102040,-7.131000,4
0.338980,-8.135900,4
-0.902770,-10.214000,4
-2.822500,-8.978500,4
0.821740,-8.126300,4
-1.741800,-8.126700,4
-0.660650,-8.439800,4
-2.960400,-8.887100,4
-1.846600,-10.695000,4
-1.041100,-5.988500,4
0.220270,-8.401000,4
-0.948070,-11.498000,4
-0.226580,-9.646300,4
-1.334300,-9.223100,4
-1.595900,-7.576700,4
-4.731900,-8.440100,4
0.961260,-9.292100,4
1.159900,-8.528400,4
-4.896700,-9.936400,4
-1.144600,-8.000700,4
0.341060,-9.625400,4
-2.789800,-9.316900,4
-1.479200,-10.325000,4
-3.441900,-10.141000,4
-1.381100,-8.638300,4
-2.821500,-8.917400,4
0.978500,-9.187100,4
-1.021800,-9.137300,4
-1.756300,-8.728500,4
-1.317300,-7.392800,4
-2.908300,-8.277100,4
-1.112400,-8.491200,4
0.618310,-7.835300,4
-1.936600,-8.586100,4
-1.307200,-11.349000,4
-4.598900,-7.801700,4
-1.739400,-9.704900,4
-3.855700,-8.889800,4
-3.455300,-8.350600,4
-2.645400,-10.926000,4
-2.002600,-9.325700,4
-0.842710,-7.056600,4
-2.764300,-8.689900,4
-2.540400,-9.952900,4
-0.849250,-7.468900,4
0.892520,-6.807200,4
-0.496780,-8.121500,4
-1.972600,-8.187600,4
0.076754,-8.480500,4
-1.278500,-9.404400,4
-2.846500,-9.562700,4
-1.170600,-10.249000,4
-0.998260,-8.445200,4
-1.715000,-7.736800,4
-0.008184,-7.275100,4
0.072053,-8.235700,4
-2.565900,-9.654000,4
-2.867200,-8.798100,4
-0.421970,-8.919600,4
-3.091300,-8.115100,4
-2.178500,-10.200000,4
0.945760,-8.724800,4
-3.383600,-7.927300,4
-1.726300,-9.498300,4
-1.745000,-9.522400,4
-3.004100,-10.203000,4
-0.539050,-8.349900,4
-2.131800,-8.716700,4
1.348500,-8.630000,4
-2.741400,-9.889600,4
-4.243400,-9.850900,4
-1.121200,-10.474000,4
0.312840,-10.337000,4
-4.810300,-9.714300,4
0.147330,-8.935200,4
-0.189730,-9.346100,4
-0.609310,-9.656400,4
0.413980,-7.519100,4
-2.036000,-9.016900,4
-2.321500,-9.701100,4
-3.660100,-9.362600,4
-0.352920,-8.797300,4
-2.236600,-9.945900,4
-0.494600,-11.182000,4
-1.983800,-9.268800,4
-3.041800,-10.418000,4
-0.311030,-11.409000,4
-1.852700,-7.655100,4
-0.882140,-9.333100,4
0.364820,-8.076600,4
-0.247550,-8.303200,4
-2.836100,-9.822100,4
